Question,Client Answer,PVV Notes
Organization name,,
Primary contact name + email,,
What problem are you trying to solve with technology?,,
Do you currently have a website? URL?,,
Who updates your website today?,,
Do you have a logo and brand colors?,,
What pages do you need?,,"Home, About, Programs, Donate, Contact, Events, Blog?"
Do you need online donations?,,"If yes: preferred platform (PayPal, Stripe, etc.)"
Do you need event registration?,,
Do you need a volunteer sign-up form?,,
Do you need data collection (surveys, intake forms)?,,
Where is your data stored now?,,"Paper, Excel, Google Sheets, nothing?"
How many people will use/administer the tools?,,
What's your timeline?,,
What's your budget (if any)?,,
Accessibility needs?,,"Screen reader, languages, etc."
Who will maintain this after PVV hands off?,,
Top 3 priorities (rank 1-3),,
