Week,Day,Platform,Content Pillar,Post Type,Caption Draft,Visual Needed?,CTA (Call to Action),Status,Notes
1,Mon,Instagram,Impact Story,Carousel,"Slide 1: Meet Maria. Slide 2: Before/after. Slide 3: How to help.",Yes - 3 slides,Link in bio to volunteer,Not Started,
1,Wed,Instagram,Behind the Scenes,Reel/Photo,"Volunteers packing 200 meals today 🍎",Yes - photo of volunteers,Comment if you want to join,Not Started,
1,Fri,Instagram,Event Promo,Flyer graphic,"🌮 TACO TUESDAY FUNDRAISER - March 15, 5-8pm, East Palo Alto Community Center",Yes - poster design,RSVP link in bio,Not Started,
2,Tue,Instagram,Community Spotlight,Quote graphic,"""This pantry changed my week."" - neighbor served",Yes - quote template,Share to stories,Not Started,
2,Thu,Instagram,Education,Infographic,"Did you know? 1 in 5 neighbors in our zip code faces food insecurity.",Yes - simple stat graphic,Save & share,Not Started,
3,Mon,Instagram,Event Promo,Countdown,"3 DAYS until Taco Tuesday! 🌮 Who's coming?",Yes - countdown graphic,Tag a friend,Not Started,
3,Wed,Instagram,Impact Story,Video/Reel,30-sec clip of pantry in action,Yes - video,Donate link,Not Started,
3,Fri,Instagram,Thank You,Photo,"THANK YOU to our 47 volunteers this month 💚",Yes - group photo,Sign up for next event,Not Started,
4,Tue,Instagram,Event Recap,Carousel,"We raised $2,400 and served 300 tacos! 🎉",Yes - event photos,Donate / volunteer,Not Started,
