Field,Your Answer,Example (Eastside Community Pantry)
Campaign Name,,Taco Tuesday Fundraiser 2026
Primary Goal (pick ONE),,"Event attendance + $2,000 fundraising goal"
Target Audience,,"Stanford students + East Palo Alto families ages 25-55"
Key Message (one sentence),,"Join us for tacos that feed both your soul and your neighbors."
Primary Channel,,Instagram + printed flyers at Haas Center
Secondary Channel,,Email to existing volunteer list
Start Date,,March 1 2026
End Date / Event Date,,March 15 2026
Success Metric #1,,150 event attendees
Success Metric #2,,"$2,000 raised"
Success Metric #3,,50 new Instagram followers
Budget (if any),,$75 for printing + Canva Pro (free tier works)
Owner (PVV member),,[Your name]
Client Contact,,Pantry director email
Deliverables Checklist,,"☐ Poster ☐ 4 social posts ☐ Haas Center blurb ☐ Day-of story content"
Notes / Constraints,,"Client logo must appear on all materials. Green + gold brand colors."
