Week,Day,Platform,Content Type,Post Draft,Photo/Visual Needed,Status
1,Mon,Instagram,Intro,"We're [ORG NAME] - serving [community] since [year]. Every week, [impact stat]. Follow along to see how neighbors help neighbors.",Team photo or logo,Not started
1,Thu,Instagram,Impact Story,"Meet [name - with permission]: '[quote about how org helped them].' Stories like this happen every day here.",Photo of program in action,Not started
2,Tue,Instagram,Volunteer Call,"Looking for volunteers! [Specific role] - [time commitment]. No experience needed, just heart. Link in bio to sign up.",Volunteers working,Not started
2,Fri,Instagram,Education,"Did you know? [One stat about the community need you address]. Here's how you can help: [one action].",Simple stat graphic,Not started
3,Mon,Instagram,Event Promo,"SAVE THE DATE: [Event name] - [date, time, location]. [One line about why it matters]. RSVP link in bio.",Event flyer graphic,Not started
3,Thu,Instagram,Behind the Scenes,"This is what [day of service] looks like at [ORG]. [X] volunteers, [Y] families served. Want to join? Link in bio.",Candid volunteer photo,Not started
4,Tue,Instagram,Countdown,"[X] days until [event]! Who's coming? Tag a friend who'd love to help.",Countdown graphic,Not started
4,Fri,Instagram,Thank You,"Shoutout to our volunteers this week - [names or 'everyone who showed up']. You make this possible.",Group photo,Not started
5,Mon,Instagram,Impact Numbers,"This month: [X families served / $ raised / volunteers hours]. Thank you for being part of this.",Infographic with numbers,Not started
5,Thu,Instagram,Community Spotlight,"[Local business / partner / neighbor] showed up for us today. Community is everything.",Partner photo,Not started
6,Tue,Instagram,Volunteer Call,"Still looking for [role]! Flexible hours, big impact. 2 hours = [specific outcome]. Sign up: link in bio.",Volunteer action shot,Not started
6,Fri,Instagram,Story Poll,"Quick poll: What would you want to see more of? A) Volunteer stories B) Program updates C) Event announcements",Instagram story poll,Not started
7,Mon,Instagram,Event Recap,"[Event] was a success! [X attendees, $ raised, impact]. Thank you to everyone who came out.",Event photos,Not started
7,Thu,Instagram,Education,"[Issue your org addresses] affects [X%] of [community]. Here's what we're doing about it - and how you can help.",Stat + CTA graphic,Not started
8,Tue,Instagram,Volunteer Spotlight,"[Volunteer name] has been with us for [time]. '[Quote about why they volunteer.]' Inspired? Join us - link in bio.",Volunteer portrait,Not started
8,Fri,Instagram,Weekend Ask,"Happy [day]! This weekend we're [activity]. Swing by or share with someone who might want to help.",Weekend schedule graphic,Not started
9,Mon,Instagram,Monthly Recap,"[Month] by the numbers: [stats]. Grateful for this community.",Monthly stats graphic,Not started
9,Thu,Instagram,Forward Look,"Coming up in [next month]: [events/plans]. Mark your calendars and stay tuned.",Calendar graphic,Not started
10,Tue,Instagram,Donation Ask,"Every $[amount] = [specific impact]. If you can't volunteer, consider donating - link in bio. Every bit helps.",Donation impact graphic,Not started
10,Fri,Instagram,Stay Connected,"Not ready to volunteer yet? Follow us, share our posts, tell a friend. Awareness matters too. Thank you for being here.",Brand/community photo,Not started
11,Mon,Instagram,Re-engage,"Haven't heard from you in a while! We're still here, still serving [community]. Come back anytime - link in bio.",Warm welcome graphic,Not started
11,Thu,Instagram,New Opportunity,"New volunteer shift available: [details]. Perfect for [type of person - students, weekend warriors, etc.].",Shift details graphic,Not started
12,Tue,Instagram,Quarter Recap,"What a quarter! [Top 3 stats]. To our volunteers, donors, and community - thank you.",Recap collage,Not started
12,Fri,Instagram,Stay Involved,"This isn't goodbye - it's see you soon. Follow us for updates, sign up for our next event, or just say hi.",CTA graphic with all links,Not started
