Module,Title,XP,Status,Date Started,Date Completed,Buddy Sign-off,Notes
0,Agent Briefing: What Tech Consulting Actually Is,50,Not Started,,,,
1,Website Mission: Bay Area Youth Alliance,150,Not Started,,,,
2,Forms & Surveys (No More Paper Chaos),100,Not Started,,,,
3,Data Pipelines 101,150,Not Started,,,,
4,Accessibility & Mobile (The Invisible Boss),100,Not Started,,,,
5,Handoff & Documentation,100,Not Started,,,,
6,Security & Privacy Basics,100,Not Started,,,,
BOSS,Final Boss: Full Digital Toolkit,200,Not Started,,,,
TOTAL,,950,,
